Niveau;Band;Lektion;Schritt;KB;AB;LWS;Kommunikatives;Grammatik;
A2.1;3;1;FHG;10–11;–;182–185;Folge 1: «Aller Anfang ist schwer.» – über Neuanfänge sprechen;–;
A2.1;3;1;A;12;96;182–185;Gründe nennen;Konjunktion weil;
A2.1;3;1;B;13;98;182–185;Von Alltagserlebnissen berichten;Perfekt der trennbaren Verben;
A2.1;3;1;C;14;101;182–185;Von Missgeschicken im Alltag erzählen;Perfekt der nicht-trennbaren Verben und der Verben auf -ieren;
A2.1;3;1;D;15;103;182–185;Über die Familie berichten;Namen im Genitiv (Annas Mutter), Präposition von + Dativ;
A2.1;3;1;E;16–17;104;182–185;Von Wohn- und Lebensformen erzählen;–;
A2.1;3;2;FHG;22–23;–;186–189;Folge 2: «Was man hat, das hat man.»;–;
A2.1;3;2;A;24;109;186–189;Ortsangaben machen: Wo?;Wechselpräpositionen mit Dativ, Verben stehen, liegen, hängen, stecken;
A2.1;3;2;B;25;110;186–189;Ortsangaben machen: Wohin?;Wechselpräpositionen mit Akkusativ, Verben stellen, legen, hängen;
A2.1;3;2;C;26;112;186–189;Richtungen angeben;Direktionaladverbien (hierhin, dahin, herein, herauf, herunter);
A2.1;3;2;D;27;114;186–189;Mitteilungen und Regeln im Mietshaus verstehen;–;
A2.1;3;2;E;28–29;116;186–189;Gespräche mit Nachbarn führen, um Hilfe bitten, Nachrichten schreiben;–;
A2.1;3;3;FHG;34–35;–;190–193;Folge 3: «Eine Hand wäscht die andere.» – über Kochen und gegenseitige Hilfe sprechen;–;
A2.1;3;3;A;36;122;190–193;Häufigkeitsangaben machen;Häufigkeitsadverbien (immer … nie), Zeitangaben (einmal pro Woche);
A2.1;3;3;B;37;123;190–193;Dinge im Haushalt benennen, über Gegenstände sprechen;Indefinitpronomen im Nominativ und Akkusativ (einer, eins, keine, welche);
A2.1;3;3;C;38;124;190–193;Gespräche bei einer Einladung führen, eine Radiosendung verstehen;–;
A2.1;3;3;D;39;126;190–193;Ein Interview verstehen (Firmenkantine);–;
A2.1;3;3;E;40–41;127;190–193;Im Restaurant bestellen, bezahlen, reklamieren;–;
A2.1;3;4;FHG;46–47;–;194–197;Folge 4: «Glück muss man haben!»;–;
A2.1;3;4;A;48;133;194–197;Bedingungen und Zusammenhänge ausdrücken;Konjunktion wenn;
A2.1;3;4;B;49;134;194–197;Ratschläge geben;Konjunktiv II: sollte;
A2.1;3;4;C;50;136;194–197;Mitteilungen am Arbeitsplatz verstehen;–;
A2.1;3;4;D;51;137;194–197;Telefongespräche am Arbeitsplatz führen;–;
A2.1;3;4;E;52–53;139;194–197;Einen Sachtext verstehen, über Arbeit und Freizeit sprechen;–;
A2.1;3;5;FHG;58–59;–;198–202;Folge 5: «Übung macht den Meister!»;–;
A2.1;3;5;A;60;145;198–202;Gesundheitstipps verstehen;Reflexive Verben (sich bewegen, sich ausruhen);
A2.1;3;5;B;61;147;198–202;Interesse ausdrücken;Verben mit Präpositionen (warten auf, sich verabreden mit);
A2.1;3;5;C;62;150;198–202;Nach Interessen fragen;Fragewörter und Präpositionaladverbien (Worauf? – Darauf.);
A2.1;3;5;D;63;151;198–202;Sich bei einem Verein anmelden, Informationen erfragen;–;
A2.1;3;5;E;64–65;152;198–202;Die Meinung sagen, eine Informationsbroschüre verstehen;–;
A2.1;3;6;FHG;70–71;–;203–206;Folge 6: «Von nichts kommt nichts.»;–;
A2.1;3;6;A;72;158;203–206;Über Wünsche und Pläne aus Kindheit und Jugend sprechen;Präteritum der Modalverben (musste, konnte, wollte);
A2.1;3;6;B;73;160;203–206;Die Meinung sagen;Konjunktion dass;
A2.1;3;6;C;74;162;203–206;Über das Schulsystem und die Schulzeit sprechen;–;
A2.1;3;6;D;75;164;203–206;Weiterbildungsangebote verstehen;–;
A2.1;3;6;E;76–77;165;203–206;Über den beruflichen Werdegang und den Traumberuf sprechen;–;
A2.1;3;7;FHG;82–83;–;207–209;Folge 7: «Das kannst du laut sagen.»;–;
A2.1;3;7;A;84;170;207–209;Über Geschenkideen sprechen;Dativ als Objekt (meinem Mann, meiner Nachbarin);
A2.1;3;7;B;85;171;207–209;Bitten und Empfehlungen ausdrücken;Stellung der Objekte (Dimi empfiehlt es ihm.);
A2.1;3;7;C;86;173;207–209;Kurznachrichten über eine Hochzeit verstehen, von einem Fest erzählen;–;
A2.1;3;7;D;87;175;207–209;Meinungen und Vorlieben zu Geschenken ausdrücken;Präposition von + Dativ (von meinem Arbeitskollegen);
A2.1;3;7;E;88–89;176;207–209;Ein Fest planen;–;
A2.2;4;8;FHG;10–11;–;180–182;Folge 8: «Wo er recht hat, hat er recht.»;–;
A2.2;4;8;A;12;96;180–182;Über Wünsche sprechen;Konjunktiv II: hätte, wäre;
A2.2;4;8;B;13;97;180–182;Gegensätze ausdrücken;Konjunktion trotzdem;
A2.2;4;8;C;14;98;180–182;Vorschläge machen und auf Vorschläge reagieren;Konjunktiv II: könnte, würde;
A2.2;4;8;D;15;100;180–182;Über Wochenendaktivitäten sprechen, einen Veranstaltungskalender verstehen;–;
A2.2;4;8;E;16–17;102;180–182;Veranstaltungstipps in Anzeigen und im Radio verstehen;–;
A2.2;4;9;FHG;22–23;–;183–185;Folge 9: «Schauen wir mal …»;–;
A2.2;4;9;A;24;107;183–185;Die eigene Meinung ausdrücken, Gegenstände beschreiben, Wichtigkeit ausdrücken;Adjektivdeklination nach indefinitem Artikel (Nominativ);
A2.2;4;9;B;25;108;183–185;Gegenstände beschreiben, Anzeigen verstehen und schreiben, eine Auktion machen;Adjektivdeklination nach indefinitem Artikel (Akkusativ, Dativ);
A2.2;4;9;C;26;111;183–185;Sachen und Personen vergleichen;Komparation (gross – grösser – am grössten), Vergleichspartikel als, wie;
A2.2;4;9;D;27;113;183–185;Über das eigene Kaufverhalten sprechen, eine Statistik ergänzen;–;
A2.2;4;9;E;28–29;115;183–185;Gegenstände beschreiben, einen Text über persönliche Gegenstände verstehen;Wortbildung Adjektive -los (arbeitslos);
A2.2;4;10;FHG;34–35;–;186–188;Folge 10: «Immer im letzten Moment»;–;
A2.2;4;10;A;36;120;186–188;Unpersönliche Sachverhalte verstehen;Passiv Präsens (Das wird hineingeschrieben.);
A2.2;4;10;B;37;121;186–188;Informationen auf der Post verstehen, um Informationen bitten;Frageartikel Was für ein …?, Wortbildung Nomen -ung (die Verpackung);
A2.2;4;10;C;38;123;186–188;Gegenstände beschreiben;Adjektivdeklination nach definitem Artikel, Wortbildung Adjektive un- (uninteressant);
A2.2;4;10;D;39;126;186–188;Über das eigene Kommunikationsverhalten sprechen, eine Kursstatistik erstellen;–;
A2.2;4;10;E;40–41;127;186–188;Mailbox-Nachrichten verstehen und sprechen;–;
A2.2;4;11;FHG;46–47;–;189–193;Folge 11: «Fragen kostet nichts.»;–;
A2.2;4;11;A;48;132;189–193;Ortsangaben machen: Woher? Wo? Wohin?;Lokale Präpositionen aus, von;
A2.2;4;11;B;49;133;189–193;Wegbeschreibungen verstehen und geben;Lokale Präpositionen an … vorbei, bis zu, durch, … entlang, gegenüber, über, um … herum;
A2.2;4;11;C;50;135;189–193;Gründe und Konsequenzen nennen, Verkehrsnachrichten im Radio verstehen;Konjunktion deshalb;
A2.2;4;11;D;51;138;189–193;Verkehrsnachrichten und Berichte über das Wetter verstehen;Wortbildung Adjektive -bar, -ig, -isch (stürmisch);
A2.2;4;11;E;52–53;139;189–193;Über den Verkehr im Heimatland berichten, interkultureller Vergleich mit der Schweiz;–;
A2.2;4;12;FHG;58–59;–;194–197;Folge 12: «Die Qual der Wahl!»;–;
A2.2;4;12;A;60;145;194–197;Texte zum Thema Reiseziele verstehen, Vorschläge machen;Lokale Präpositionen an, auf, in (am Meer – ans Meer);
A2.2;4;12;B;61;147;194–197;Inserate von Unterkünften verstehen, über Vorlieben sprechen;Adjektivdeklination ohne Artikel, modale Präposition ohne (ohne lauten Verkehr);
A2.2;4;12;C;62;149;194–197;Telefongespräche im Reisebüro verstehen und spielen, etwas buchen;Temporale Präpositionen von … an, über (über eine Stunde Aufenthalt);
A2.2;4;12;D;63;151;194–197;Einladungen per Kurznachricht verstehen und schreiben;–;
A2.2;4;12;E;64–65;153;194–197;Einen Wochenendausflug planen;–;
A2.2;4;13;FHG;70–71;–;198–200;Folge 13: «Was du heute kannst besorgen, …»;–;
A2.2;4;13;A;72;158;198–200;Am Bankschalter um Informationen bitten, über Banken sprechen;Indirekte Fragen mit Fragepronomen (was, wo …);
A2.2;4;13;B;73;159;198–200;Sich über Konditionen und Zahlungswege informieren;Indirekte Fragen mit ob;
A2.2;4;13;C;74;161;198–200;Ratgeber und Informationen zu Dienstleistungen verstehen, über Dienstleistungen sprechen;Verb lassen (Sie lässt ihr Konto prüfen.);
A2.2;4;13;D;75;164;198–200;Beratungsgespräche auf der Bank verstehen, um Hilfe bitten;–;
A2.2;4;13;E;76–77;165;198–200;Gespräche rund ums Geld verstehen, ein Gespräch zum Thema Geld schreiben;–;
A2.2;4;14;FHG;82–83;–;201–203;Folge 14: «Es kommt, wie es kommen muss.»;–;
A2.2;4;14;A;84;170;201–203;Über sich selbst und wichtige Personen sprechen, persönliche Texte verstehen;Wiederholung: Perfekt und Präteritum;
A2.2;4;14;B;85;171;201–203;Streitgespräche verstehen und führen, über Konflikte sprechen;Wiederholung: Nebensätze mit wenn, weil, dass;
A2.2;4;14;C;86;173;201–203;Vorschläge machen und darauf reagieren;Wiederholung: Konjunktiv II;
A2.2;4;14;D;87;174;201–203;Schweizer Kosenamen verstehen;Diminutiv -chen, -li; Wiederholung Wortbildung (-ig, -bar, -los, un-, -ung)
A2.2;4;14;E;88–89;175;201–203;Über Wünsche und Träume sprechen;–;
B1.1;5;1;FHG;10–11;–;171–174;Folge 1: «Ellas Glückstag»;–;
B1.1;5;1;A;12;96;171–174;Schriftlich über Vergangenes berichten, Zeitungsmeldungen verstehen und schreiben;Präteritum (spielte, fuhr, brachte);
B1.1;5;1;B;13;97;171–174;Über Erinnerungen aus der Kindheit und Zeitpunkte in der Vergangenheit sprechen;Konjunktion als;
B1.1;5;1;C;14;99;171–174;Chronologisch über Ereignisse berichten, über Glücksmomente sprechen;Plusquamperfekt;
B1.1;5;1;D;15;101;171–174;Einen Unfall schriftlich schildern;–;
B1.1;5;1;E;16–17;103;171–174;Über Glücksbringer und Rituale sprechen, jemandem etwas wünschen;–;
B1.1;5;2;FHG;22–23;–;175–178;Folge 2: «Ein Abend, der nicht so toll war.»;–;
B1.1;5;2;A;24–25;107;175–178;Über Serien sprechen, Meinungen und Vorlieben ausdrücken, Gegensätze ausdrücken;Konjunktion obwohl, Gradpartikeln (völlig, ziemlich …);
B1.1;5;2;B;26–27;109;175–178;Eigenschaften von Personen und Dingen beschreiben;Relativpronomen und Relativsätze (auch mit Präposition);
B1.1;5;2;C;28;113;175–178;In einer Diskussion einen Konsens finden;–;
B1.1;5;2;D;29;115;175–178;Eine Statistik zur Mediennutzung verstehen;–;
B1.1;5;3;FHG;34–35;–;179–183;Folge 3: «Samuel hat Stress.»;–;
B1.1;5;3;A;36;119;179–183;Ratgebertexte verstehen, über Gesundheitstipps sprechen, Vorgänge beschreiben;Passiv Präsens mit Modalverben;
B1.1;5;3;B;37;121;179–183;Fitnessübungen verstehen und beschreiben;Genitiv mit definitem und indefinitem Artikel;
B1.1;5;3;C;38;123;179–183;Rat suchen, Ratschläge und Empfehlungen geben;–;
B1.1;5;3;D;39;124;179–183;Vorsorge-Angebote verstehen, eine Kursstatistik erstellen und beschreiben;–;
B1.1;5;3;E;40–41;125;179–183;Sich bei der Arbeit krankmelden und Aufgaben verteilen;–;
B1.1;5;4;FHG;46–47;–;184–187;Folge 4: «Chili con Carne?»;–;
B1.1;5;4;A;48;130;184–187;Über Irreales sprechen, höflich absagen;Konjunktiv II: irreale Bedingungen mit wenn;
B1.1;5;4;B;49;131;184–187;Wichtigkeit ausdrücken und begründen, eine Radiosendung zu Fremdsprachen verstehen;Präposition wegen + Genitiv;
B1.1;5;4;C;50;132;184–187;Höflich nachfragen, um Informationen und um Wiederholung bitten;–;
B1.1;5;4;D;51;134;184–187;Tipps zum Deutschlernen verstehen und selbst geben;–;
B1.1;5;4;E;52–53;135;184–187;Einen Text zur Mehrsprachigkeit verstehen, über Sprachbiografien sprechen;–;
B1.1;5;5;FHG;58–59;–;188–190;Folge 5: «Selbst etwas dafür tun»;–;
B1.1;5;5;A;60–61;140;188–190;Stelleninserate verstehen, eine Bewerbung schreiben;Infinitiv mit zu;
B1.1;5;5;B;62–63;143;188–190;Ein Bewerbungsgespräch führen;Temporale Präpositionen während, ausserhalb, innerhalb + Genitiv;
B1.1;5;5;C;64;145;188–190;Über Berufswünsche und -interessen sprechen;–;
B1.1;5;5;D;65;146;188–190;Small Talk: von der Arbeit erzählen;–;
B1.1;5;6;FHG;70–71;–;191–195;Folge 6: «Mädchen für alles»;–;
B1.1;5;6;A;72;150;191–195;Texte über Geschäftsideen verstehen, über Geschäftsideen sprechen;Verben und Ausdrücke mit es;
B1.1;5;6;B;73;151;191–195;Ein Ziel ausdrücken, über Kenntnisse und Kompetenzen im Beruf sprechen;Konjunktionen um … zu + Infinitiv und damit;
B1.1;5;6;C;74;154;191–195;Höfliche Ratschläge geben, Alternativen ausdrücken;Konjunktion statt/ohne … zu + Infinitiv;
B1.1;5;6;D;75;156;191–195;Ein Verkaufsgespräch führen;–;
B1.1;5;6;E;76–77;157;191–195;Eine Reklamation schreiben;–;
B1.1;5;7;FHG;82–83;–;196–200;Folge 7: «Streit ohne Ende»;–;
B1.1;5;7;A;84–85;161;196–200;Über Regeln beim Zusammenleben sprechen, eine Hausordnung verstehen und schreiben;Zweiteilige Konjunktionen nicht nur … sondern auch, zwar … aber, entweder … oder;
B1.1;5;7;B;86;162;196–200;Konflikte mit Nachbarn lösen, Kritik höflich äussern und darauf reagieren;Konjunktiv II Vergangenheit, irreale Wünsche;
B1.1;5;7;C;87;165;196–200;Forumstexte zur Wohnungssuche verstehen, über die eigene Wohnsituation schreiben;Wiederholung: Verben mit Präpositionen;
B1.1;5;7;D;88–89;167;196–200;Texte und Interview zum Thema Fernbeziehungen verstehen, über Beziehungen sprechen;Präposition trotz + Genitiv;
B1.2;6;8;FHG;10–11;–;176–177;Folge 8: «Der wichtige Herr Gerber»;–;
B1.2;6;8;A;12–13;96;176–177;Ratgebertexte verstehen, Arbeitsaufträge höflich ablehnen, Alternativvorschläge machen;Konjunktion falls;
B1.2;6;8;B;14;99;176–177;Ein Interview verstehen, über den Umgang mit Kollegen diskutieren;Zweiteilige Konjunktion je … desto/umso;
B1.2;6;8;C;15;101;176–177;Personen näher beschreiben;Relativsätze mit Präpositionen, Adjektive als Nomen, n-Deklination;
B1.2;6;8;D;16–17;103;176–177;Das Du anbieten und annehmen, über Duzen und Siezen sprechen;–;
B1.2;6;9;FHG;22–23;–;178–181;Folge 9: «Alex Müller ist weg!»;–;
B1.2;6;9;A;24–25;108;178–181;Über Arbeitsabläufe sprechen, etwas planen, Mitteilungen im Arbeitsalltag verstehen;Konjunktionen während, bevor, nachdem;
B1.2;6;9;B;26;111;178–181;Über Schein und Wirklichkeit sprechen, Irreales ausdrücken;Konjunktion als ob / wie wenn;
B1.2;6;9;C;27;113;178–181;Bedienungsanleitungen verstehen, erklären, wie etwas funktioniert;–;
B1.2;6;9;D;28;114;178–181;In einem Forum antworten, Beiträge kommentieren, Ratschläge geben;–;
B1.2;6;9;E;29;116;178–181;Eine Radiodiskussion zum Thema digitale Welt verstehen, über digitale Medien diskutieren;–;
B1.2;6;10;FHG;34–35;–;182–184;Folge 10: «Der Gute-Laune-Tee»;–;
B1.2;6;10;A;36–37;120;182–184;Produktwerbung verstehen, sich beschweren, etwas reklamieren;Zweiteilige Konjunktionen sowohl … als auch, weder … noch;
B1.2;6;10;B;38;121;182–184;Über Pannen und Missgeschicke sprechen und darauf reagieren;Relativsätze mit wo und was;
B1.2;6;10;C;39;123;182–184;Produkte beschreiben und präsentieren, Erstaunen äussern;Partizip Präsens als Adjektiv (wohltuend);
B1.2;6;10;D;40;125;182–184;Eine Radioreportage zum Thema Crowdsourcing verstehen;–;
B1.2;6;10;E;41;126;182–184;Eine Kolumne verstehen;–;
B1.2;6;11;FHG;46–47;–;185–188;Folge 11: «Alles 'bestens', oder?»;–;
B1.2;6;11;A;48;130;185–188;Vermutungen, Pläne und Versprechen ausdrücken;Futur I;
B1.2;6;11;B;49;131;185–188;Über gutes Benehmen und Umgangsformen sprechen, die Meinung begründen;Konjunktion da;
B1.2;6;11;C;50;133;185–188;Über Regeln und falsches Verhalten im Strassenverkehr sprechen;–;
B1.2;6;11;D;51;136;185–188;Aussagen zum Fremdsein verstehen, über Erfahrungen mit dem Fremdsein sprechen;–;
B1.2;6;11;E;52–53;137;185–188;Aussagen zu Arbeitsalltagen verstehen, den eigenen Arbeitsalltag beschreiben;–;
B1.2;6;12;FHG;58–59;–;189–192;Folge 12: «Was wollen wir mehr?»;–;
B1.2;6;12;A;60–61;142;189–192;Programm eines Gemeinschaftszentrums verstehen, ein Problem beschreiben, um Hilfe bitten;Konjunktionen seit/seitdem, bis;
B1.2;6;12;B;62;144;189–192;Informationen zu Vereinen in der Schweiz verstehen, die eigene Meinung äussern;Konjunktionen indem, ohne dass / ohne … zu;
B1.2;6;12;C;63;147;189–192;Einen Artikel über persönliches Engagement verstehen, über Engagement sprechen;Präposition ausser + Dativ;
B1.2;6;12;D;64;148;189–192;Über Vorbilder sprechen, Hörerbeiträge im Radio verstehen;–;
B1.2;6;12;E;65;149;189–192;Gewissensfragen kommentieren, einen Standpunkt vertreten;–;
B1.2;6;13;FHG;70–71;–;193–196;Folge 13: «Nicht aufgeben! Weitermachen!»;–;
B1.2;6;13;A;72–73;153;193–196;Über Biografien sprechen, eine Reportage verstehen, eine Biografie präsentieren;Passiv Präteritum und Passiv Perfekt;
B1.2;6;13;B;74;156;193–196;Etwas bewerten und vergleichen, die Meinung sagen, Verbesserungsvorschläge machen;Adjektivdeklination mit Komparativ und Superlativ;
B1.2;6;13;C;75;160;193–196;Zeitungsmeldungen verstehen und zusammenfassen;–;
B1.2;6;13;D;76–77;161;193–196;Wissenswertes aus der Schweizer Geschichte kennenlernen, die Geschichte des Heimatlandes präsentieren;–;
B1.2;6;14;FHG;82–83;–;197–199;Folge 14: «Heimat ist, wo du Freunde hast.»;–;
B1.2;6;14;A;84–85;165;197–199;Über Spezialitäten aus der Schweiz und der Heimat sprechen, ein Fest planen;Wiederholung: Wortbildung Nomen (Komposita);
B1.2;6;14;B;86–87;166;197–199;Eine Reportage zum Thema Heimat verstehen, über Heimat sprechen;Wiederholung: Verben mit Präpositionen und Präpositionaladverbien;
B1.2;6;14;C;88;169;197–199;Ein Land beschreiben, über die Schweiz und die Europäische Union sprechen;–;
B1.2;6;14;D;89;170;197–199;Über Vergangenes und Zukünftiges sprechen, über den eigenen Deutschlernweg sprechen;–;